Reservations,DayRentValue,CarPhotoURL,City,Region,Doors,Model,CarNo,MemberNo,Gear,BookingDiscount,WeekRentValue,Cylinders,Seats,MobileSalesMan,MemberName,WD,Passengers,MonthRentValue,CarKey,Milage,CarName
"[{'ReservationKey': 0, 'CarKey': 3431, 'CustomerName': 'Running Contract, 1348', 'CustomerMobile': None, 'ReservationStatus': 0, 'ReservationDateTime': None, 'FromDateTime': '6/24/2024 8:00:00 PM', 'ToDateTime': '7/24/2024 8:00:00 PM', 'DayRentValue': 0.0, 'Documents': None}]",100.0,,DUBAI,UAE,4,2019,56142,2826,-1,-1.0,0.0,4,2,00971561962872,AUTOBOTS RENT A CAR L.L.C.,2,5,0.0,3431,140945,MG 360
"[{'ReservationKey': 0, 'CarKey': 3437, 'CustomerName': 'Running Contract, 1378', 'CustomerMobile': None, 'ReservationStatus': 0, 'ReservationDateTime': None, 'FromDateTime': '7/28/2024 3:30:00 PM', 'ToDateTime': '8/27/2024 3:30:00 PM', 'DayRentValue': 0.0, 'Documents': None}]",100.0,,DUBAI,UAE,4,2021,95542,2826,-1,-1.0,0.0,4,2,00971561962872,AUTOBOTS RENT A CAR L.L.C.,2,5,0.0,3437,135123,MG 360
,100.0,,DUBAI,UAE,4,2019,62998,2826,-1,-1.0,0.0,4,2,00971561962872,AUTOBOTS RENT A CAR L.L.C.,2,5,0.0,3443,178012,MG 360
"[{'ReservationKey': 0, 'CarKey': 3449, 'CustomerName': 'Running Contract, 1232', 'CustomerMobile': None, 'ReservationStatus': 0, 'ReservationDateTime': None, 'FromDateTime': '3/25/2024 3:15:00 PM', 'ToDateTime': '4/24/2024 3:15:00 PM', 'DayRentValue': 0.0, 'Documents': None}]",100.0,,DUBAI,UAE,4,2019,35105,2826,-1,-1.0,0.0,4,2,00971561962872,AUTOBOTS RENT A CAR L.L.C.,2,5,0.0,3449,169254,MG 360
,100.0,,DUBAI,UAE,4,2019,38767,2826,-1,-1.0,0.0,4,2,00971561962872,AUTOBOTS RENT A CAR L.L.C.,2,5,0.0,3455,128305,MG 360
"[{'ReservationKey': 0, 'CarKey': 3470, 'CustomerName': 'Running Contract, 1373', 'CustomerMobile': None, 'ReservationStatus': 0, 'ReservationDateTime': None, 'FromDateTime': '7/23/2024 1:30:00 PM', 'ToDateTime': '7/24/2024 1:30:00 PM', 'DayRentValue': 0.0, 'Documents': None}]",100.0,,DUBAI,UAE,4,2019,76102,2826,-1,-1.0,630.0,4,2,00971561962872,AUTOBOTS RENT A CAR L.L.C.,2,5,2400.0,3470,155753,MG 360
"[{'ReservationKey': 0, 'CarKey': 3415, 'CustomerName': 'Running Contract, 997', 'CustomerMobile': None, 'ReservationStatus': 0, 'ReservationDateTime': None, 'FromDateTime': '11/9/2023 8:41:00 PM', 'ToDateTime': '11/3/2024 8:41:00 PM', 'DayRentValue': 0.0, 'Documents': None}]",100.0,,DUBAI,UAE,4,2019,32136,2826,-1,-1.0,0.0,4,2,00971561962872,AUTOBOTS RENT A CAR L.L.C.,2,5,0.0,3415,181000,MG 360
"[{'ReservationKey': 0, 'CarKey': 3423, 'CustomerName': 'Running Contract, 1307', 'CustomerMobile': None, 'ReservationStatus': 0, 'ReservationDateTime': None, 'FromDateTime': '5/18/2024 7:10:00 PM', 'ToDateTime': '6/17/2024 7:10:00 PM', 'DayRentValue': 0.0, 'Documents': None}]",100.0,,DUBAI,UAE,4,2021,54479,2826,-1,-1.0,630.0,4,2,00971561962872,AUTOBOTS RENT A CAR L.L.C.,2,5,2400.0,3423,33183,MIT ATTRAGE
"[{'ReservationKey': 0, 'CarKey': 80676, 'CustomerName': 'Running Contract, 62', 'CustomerMobile': None, 'ReservationStatus': 0, 'ReservationDateTime': None, 'FromDateTime': '6/27/2021 8:30:00 PM', 'ToDateTime': '6/27/2021 8:30:00 PM', 'DayRentValue': 0.0, 'Documents': None}]",100.0,,DUBAI,UAE,4,2022,7495,2826,-1,-1.0,630.0,4,2,00971561962872,AUTOBOTS RENT A CAR L.L.C.,2,5,2400.0,80676,45690,MERCEDES GLA
,100.0,,DUBAI,UAE,4,2022,75284,2826,-1,-1.0,630.0,4,2,00971561962872,AUTOBOTS RENT A CAR L.L.C.,2,5,2400.0,80683,0,NISSAN SUNNY
,100.0,,DUBAI,UAE,4,2022,98376,2826,-1,-1.0,630.0,4,2,00971561962872,AUTOBOTS RENT A CAR L.L.C.,2,5,2400.0,80673,0,TOYOTA COROLLA
,100.0,,DUBAI,UAE,4,2022,25371,2826,-1,-1.0,630.0,4,2,00971561962872,AUTOBOTS RENT A CAR L.L.C.,2,5,2400.0,80675,0,MIT PAJERO
"[{'ReservationKey': 0, 'CarKey': 92756, 'CustomerName': 'Running Contract, 1381', 'CustomerMobile': None, 'ReservationStatus': 0, 'ReservationDateTime': None, 'FromDateTime': '7/31/2024 6:00:00 PM', 'ToDateTime': '8/1/2024 6:00:00 PM', 'DayRentValue': 0.0, 'Documents': None}]",100.0,,DUBAI,UAE,4,2023,19115,2826,-1,-1.0,630.0,4,2,00971561962872,AUTOBOTS RENT A CAR L.L.C.,2,5,2400.0,92756,18010,KIA SONET
,100.0,,DUBAI,UAE,4,2021,19112,2826,-1,-1.0,630.0,4,2,00971561962872,AUTOBOTS RENT A CAR L.L.C.,2,5,2400.0,92753,63112,HYUNDAI SONATA
,100.0,,DUBAI,UAE,4,2023,19113,2826,-1,-1.0,630.0,4,2,00971561962872,AUTOBOTS RENT A CAR L.L.C.,2,5,2400.0,92754,17437,KIA CERATO
"[{'ReservationKey': 0, 'CarKey': 92755, 'CustomerName': 'Running Contract, 1280', 'CustomerMobile': None, 'ReservationStatus': 0, 'ReservationDateTime': None, 'FromDateTime': '4/18/2024 10:10:00 PM', 'ToDateTime': '5/18/2024 10:10:00 PM', 'DayRentValue': 0.0, 'Documents': None}]",100.0,,DUBAI,UAE,4,2023,19114,2826,-1,-1.0,630.0,4,2,00971561962872,AUTOBOTS RENT A CAR L.L.C.,2,5,2400.0,92755,12563,KIA K5
"[{'ReservationKey': 0, 'CarKey': 98051, 'CustomerName': 'Running Contract, 1235', 'CustomerMobile': None, 'ReservationStatus': 0, 'ReservationDateTime': None, 'FromDateTime': '3/26/2024 11:15:00 PM', 'ToDateTime': '4/25/2024 11:15:00 PM', 'DayRentValue': 0.0, 'Documents': None}]",100.0,,DUBAI,UAE,4,2023,72569,2826,-1,-1.0,630.0,4,2,00971561962872,AUTOBOTS RENT A CAR L.L.C.,2,5,2400.0,98051,11449,KIA PEGAS
"[{'ReservationKey': 0, 'CarKey': 98052, 'CustomerName': 'Running Contract, 1369', 'CustomerMobile': None, 'ReservationStatus': 0, 'ReservationDateTime': None, 'FromDateTime': '7/18/2024 7:30:00 PM', 'ToDateTime': '8/17/2024 7:30:00 PM', 'DayRentValue': 0.0, 'Documents': None}]",100.0,,DUBAI,UAE,4,2023,78859,2826,-1,-1.0,630.0,4,2,00971561962872,AUTOBOTS RENT A CAR L.L.C.,2,5,2400.0,98052,15744,KIA PEGAS
,100.0,,DUBAI,UAE,4,2023,42151,2826,-1,-1.0,630.0,4,2,00971561962872,AUTOBOTS RENT A CAR L.L.C.,2,5,2400.0,95021,21342,JAC S3
"[{'ReservationKey': 0, 'CarKey': 95022, 'CustomerName': 'Running Contract, 1355', 'CustomerMobile': None, 'ReservationStatus': 0, 'ReservationDateTime': None, 'FromDateTime': '7/4/2024 10:00:00 PM', 'ToDateTime': '8/3/2024 10:00:00 PM', 'DayRentValue': 0.0, 'Documents': None}]",100.0,,DUBAI,UAE,4,2023,15979,2826,-1,-1.0,630.0,4,2,00971561962872,AUTOBOTS RENT A CAR L.L.C.,2,5,2400.0,95022,25512,JAC S3
"[{'ReservationKey': 0, 'CarKey': 95023, 'CustomerName': 'Running Contract, 1265', 'CustomerMobile': None, 'ReservationStatus': 0, 'ReservationDateTime': None, 'FromDateTime': '4/11/2024 4:10:00 PM', 'ToDateTime': '5/11/2024 4:10:00 PM', 'DayRentValue': 0.0, 'Documents': None}]",100.0,,DUBAI,UAE,4,2023,27291,2826,-1,-1.0,630.0,4,2,00971561962872,AUTOBOTS RENT A CAR L.L.C.,2,5,2400.0,95023,24865,JAC S3
"[{'ReservationKey': 0, 'CarKey': 95024, 'CustomerName': 'Running Contract, 1240', 'CustomerMobile': None, 'ReservationStatus': 0, 'ReservationDateTime': None, 'FromDateTime': '3/30/2024 2:10:00 PM', 'ToDateTime': '4/29/2024 2:10:00 PM', 'DayRentValue': 0.0, 'Documents': None}]",100.0,,DUBAI,UAE,4,2023,99195,2826,-1,-1.0,630.0,4,2,00971561962872,AUTOBOTS RENT A CAR L.L.C.,2,5,2400.0,95024,19119,JAC S3
"[{'ReservationKey': 0, 'CarKey': 95025, 'CustomerName': 'Running Contract, 1371', 'CustomerMobile': None, 'ReservationStatus': 0, 'ReservationDateTime': None, 'FromDateTime': '7/22/2024 9:20:00 AM', 'ToDateTime': '7/23/2024 9:20:00 AM', 'DayRentValue': 0.0, 'Documents': None}]",100.0,,DUBAI,UAE,4,2023,46510,2826,-1,-1.0,630.0,4,2,00971561962872,AUTOBOTS RENT A CAR L.L.C.,2,5,2400.0,95025,19813,JAC S3
,100.0,,DUBAI,UAE,4,2022,69521,2826,-1,-1.0,0.0,4,2,00971561962872,AUTOBOTS RENT A CAR L.L.C.,2,5,0.0,70567,24115,TOYOTA FORTUNER
"[{'ReservationKey': 0, 'CarKey': 61786, 'CustomerName': 'Running Contract, 1383', 'CustomerMobile': None, 'ReservationStatus': 0, 'ReservationDateTime': None, 'FromDateTime': '7/31/2024 11:00:00 PM', 'ToDateTime': '8/1/2024 11:00:00 PM', 'DayRentValue': 0.0, 'Documents': None}]",100.0,,DUBAI,UAE,4,2021,37677,2826,-1,-1.0,0.0,4,2,00971561962872,AUTOBOTS RENT A CAR L.L.C.,2,5,0.0,61786,29104,MIT XPANDER
"[{'ReservationKey': 0, 'CarKey': 61787, 'CustomerName': 'Running Contract, 1236', 'CustomerMobile': None, 'ReservationStatus': 0, 'ReservationDateTime': None, 'FromDateTime': '3/27/2024 8:45:00 AM', 'ToDateTime': '4/26/2024 8:45:00 AM', 'DayRentValue': 0.0, 'Documents': None}]",100.0,,DUBAI,UAE,4,2022,36893,2826,-1,-1.0,0.0,4,2,00971561962872,AUTOBOTS RENT A CAR L.L.C.,2,5,0.0,61787,22315,MIT ATTRAGE
"[{'ReservationKey': 0, 'CarKey': 61788, 'CustomerName': 'Running Contract, 1300', 'CustomerMobile': None, 'ReservationStatus': 0, 'ReservationDateTime': None, 'FromDateTime': '5/9/2024 11:00:00 PM', 'ToDateTime': '6/8/2024 11:00:00 PM', 'DayRentValue': 0.0, 'Documents': None}]",100.0,,DUBAI,UAE,4,2022,36911,2826,-1,-1.0,0.0,4,2,00971561962872,AUTOBOTS RENT A CAR L.L.C.,2,5,0.0,61788,27623,MIT ATTRAGE
,100.0,,DUBAI,UAE,4,2022,37294,2826,-1,-1.0,0.0,4,2,00971561962872,AUTOBOTS RENT A CAR L.L.C.,2,5,0.0,61789,27812,MIT ATTRAGE
"[{'ReservationKey': 0, 'CarKey': 141127, 'CustomerName': 'Running Contract, 1382', 'CustomerMobile': None, 'ReservationStatus': 0, 'ReservationDateTime': None, 'FromDateTime': '7/31/2024 9:00:00 PM', 'ToDateTime': '8/30/2024 9:00:00 PM', 'DayRentValue': 0.0, 'Documents': None}]",100.0,,DUBAI,UAE,4,2025,36201,2826,-1,-1.0,630.0,4,2,00971561962872,AUTOBOTS RENT A CAR L.L.C.,2,5,2400.0,141127,201,MG 5
,100.0,,DUBAI,UAE,4,2025,36782,2826,-1,-1.0,630.0,4,2,00971561962872,AUTOBOTS RENT A CAR L.L.C.,2,5,2400.0,141128,315,MG 5
"[{'ReservationKey': 0, 'CarKey': 141129, 'CustomerName': 'Running Contract, 1356', 'CustomerMobile': None, 'ReservationStatus': 0, 'ReservationDateTime': None, 'FromDateTime': '7/5/2024 2:50:00 PM', 'ToDateTime': '8/4/2024 2:50:00 PM', 'DayRentValue': 0.0, 'Documents': None}]",100.0,,DUBAI,UAE,4,2025,38292,2826,-1,-1.0,630.0,4,2,00971561962872,AUTOBOTS RENT A CAR L.L.C.,2,5,2400.0,141129,39,MG 5
,100.0,,DUBAI,UAE,4,2025,36202,2826,-1,-1.0,630.0,4,2,00971561962872,AUTOBOTS RENT A CAR L.L.C.,2,5,2400.0,141130,0,MG 5
,100.0,,DUBAI,UAE,4,2019,98596,2826,-1,-1.0,0.0,4,2,00971561962872,AUTOBOTS RENT A CAR L.L.C.,2,5,0.0,78013,63625,MERCEDES C300
,100.0,,DUBAI,UAE,4,2023,97870,2826,-1,-1.0,0.0,4,2,00971561962872,AUTOBOTS RENT A CAR L.L.C.,2,5,0.0,78015,22131,KIA K5
,100.0,,DUBAI,UAE,4,2023,97873,2826,-1,-1.0,0.0,4,2,00971561962872,AUTOBOTS RENT A CAR L.L.C.,2,5,0.0,78016,17953,KIA SONET
"[{'ReservationKey': 0, 'CarKey': 78018, 'CustomerName': 'Running Contract, 1354', 'CustomerMobile': None, 'ReservationStatus': 0, 'ReservationDateTime': None, 'FromDateTime': '7/4/2024 8:15:00 PM', 'ToDateTime': '8/3/2024 8:15:00 PM', 'DayRentValue': 0.0, 'Documents': None}]",100.0,,DUBAI,UAE,4,2022,13474,2826,-1,-1.0,0.0,4,2,00971561962872,AUTOBOTS RENT A CAR L.L.C.,2,5,0.0,78018,20721,TOYOTA COROLLA
"[{'ReservationKey': 0, 'CarKey': 116724, 'CustomerName': 'Running Contract, 1318', 'CustomerMobile': None, 'ReservationStatus': 0, 'ReservationDateTime': None, 'FromDateTime': '5/29/2024 8:15:00 AM', 'ToDateTime': '6/28/2024 8:15:00 AM', 'DayRentValue': 0.0, 'Documents': None}]",120.0,,DUBAI,UAE,4,2024,30763,2826,-1,-1.0,770.0,4,2,00971561962872,AUTOBOTS RENT A CAR L.L.C.,2,5,2100.0,116724,7005,KIA PEGAS
"[{'ReservationKey': 0, 'CarKey': 116725, 'CustomerName': 'Running Contract, 1357', 'CustomerMobile': None, 'ReservationStatus': 0, 'ReservationDateTime': None, 'FromDateTime': '7/5/2024 3:50:00 PM', 'ToDateTime': '8/4/2024 3:50:00 PM', 'DayRentValue': 0.0, 'Documents': None}]",120.0,,DUBAI,UAE,4,2024,21354,2826,-1,-1.0,770.0,4,2,00971561962872,AUTOBOTS RENT A CAR L.L.C.,2,5,2100.0,116725,9601,KIA PEGAS
"[{'ReservationKey': 0, 'CarKey': 116726, 'CustomerName': 'Running Contract, 1268', 'CustomerMobile': None, 'ReservationStatus': 0, 'ReservationDateTime': None, 'FromDateTime': '4/11/2024 10:35:00 PM', 'ToDateTime': '5/11/2024 10:35:00 PM', 'DayRentValue': 0.0, 'Documents': None}]",120.0,,DUBAI,UAE,4,2024,26501,2826,-1,-1.0,770.0,4,2,00971561962872,AUTOBOTS RENT A CAR L.L.C.,2,5,2100.0,116726,4019,KIA PEGAS
"[{'ReservationKey': 0, 'CarKey': 116727, 'CustomerName': 'Running Contract, 1372', 'CustomerMobile': None, 'ReservationStatus': 0, 'ReservationDateTime': None, 'FromDateTime': '7/22/2024 10:20:00 AM', 'ToDateTime': '8/21/2024 10:20:00 AM', 'DayRentValue': 0.0, 'Documents': None}]",120.0,,DUBAI,UAE,4,2024,13980,2826,-1,-1.0,770.0,4,2,00971561962872,AUTOBOTS RENT A CAR L.L.C.,2,5,2100.0,116727,9953,KIA PEGAS
"[{'ReservationKey': 0, 'CarKey': 116728, 'CustomerName': 'Running Contract, 1246', 'CustomerMobile': None, 'ReservationStatus': 0, 'ReservationDateTime': None, 'FromDateTime': '4/2/2024 12:30:00 PM', 'ToDateTime': '7/31/2024 12:30:00 PM', 'DayRentValue': 0.0, 'Documents': None}]",120.0,,DUBAI,UAE,4,2024,13234,2826,-1,-1.0,770.0,4,2,00971561962872,AUTOBOTS RENT A CAR L.L.C.,2,5,2100.0,116728,8121,KIA PEGAS
"[{'ReservationKey': 0, 'CarKey': 116730, 'CustomerName': 'Running Contract, 1367', 'CustomerMobile': None, 'ReservationStatus': 0, 'ReservationDateTime': None, 'FromDateTime': '7/13/2024 3:50:00 PM', 'ToDateTime': '7/20/2024 3:50:00 PM', 'DayRentValue': 0.0, 'Documents': None}]",120.0,,DUBAI,UAE,4,2024,89067,2826,-1,-1.0,770.0,4,2,00971561962872,AUTOBOTS RENT A CAR L.L.C.,2,5,2100.0,116730,7531,KIA PEGAS
"[{'ReservationKey': 0, 'CarKey': 116731, 'CustomerName': 'Running Contract, 1347', 'CustomerMobile': None, 'ReservationStatus': 0, 'ReservationDateTime': None, 'FromDateTime': '6/24/2024 11:00:00 AM', 'ToDateTime': '7/24/2024 11:00:00 AM', 'DayRentValue': 0.0, 'Documents': None}]",120.0,,DUBAI,UAE,4,2024,89793,2826,-1,-1.0,770.0,4,2,00971561962872,AUTOBOTS RENT A CAR L.L.C.,2,5,2100.0,116731,8595,KIA PEGAS
"[{'ReservationKey': 0, 'CarKey': 141126, 'CustomerName': 'Running Contract, 1352', 'CustomerMobile': None, 'ReservationStatus': 0, 'ReservationDateTime': None, 'FromDateTime': '7/3/2024 1:30:00 PM', 'ToDateTime': '8/2/2024 1:30:00 PM', 'DayRentValue': 0.0, 'Documents': None}]",150.0,,DUBAI,UAE,4,2025,39536,2826,-1,-1.0,630.0,4,2,00971561962872,AUTOBOTS RENT A CAR L.L.C.,2,5,2400.0,141126,10,MG ZS
"[{'ReservationKey': 0, 'CarKey': 128791, 'CustomerName': 'Running Contract, 1377', 'CustomerMobile': None, 'ReservationStatus': 0, 'ReservationDateTime': None, 'FromDateTime': '7/26/2024 8:30:00 PM', 'ToDateTime': '7/27/2024 8:30:00 PM', 'DayRentValue': 0.0, 'Documents': None}]",170.0,,DUBAI,UAE,4,2024,56088,2826,-1,-1.0,1050.0,4,2,00971561962872,AUTOBOTS RENT A CAR L.L.C.,2,5,3000.0,128791,4888,KIA SONET
"[{'ReservationKey': 0, 'CarKey': 128792, 'CustomerName': 'Running Contract, 1242', 'CustomerMobile': None, 'ReservationStatus': 0, 'ReservationDateTime': None, 'FromDateTime': '3/31/2024 4:35:00 PM', 'ToDateTime': '4/30/2024 4:35:00 PM', 'DayRentValue': 0.0, 'Documents': None}]",170.0,,DUBAI,UAE,4,2024,56089,2826,-1,-1.0,1050.0,4,2,00971561962872,AUTOBOTS RENT A CAR L.L.C.,2,5,3000.0,128792,1,KIA SONET
"[{'ReservationKey': 0, 'CarKey': 116722, 'CustomerName': 'Running Contract, 1282', 'CustomerMobile': None, 'ReservationStatus': 0, 'ReservationDateTime': None, 'FromDateTime': '4/20/2024 12:05:00 PM', 'ToDateTime': '5/20/2024 12:05:00 PM', 'DayRentValue': 0.0, 'Documents': None}]",170.0,,DUBAI,UAE,4,2024,40377,2826,-1,-1.0,1050.0,4,2,00971561962872,AUTOBOTS RENT A CAR L.L.C.,2,5,3000.0,116722,4953,KIA SONET
,250.0,,DUBAI,UAE,4,2024,56081,2826,-1,-1.0,1400.0,4,2,00971561962872,AUTOBOTS RENT A CAR L.L.C.,2,5,4000.0,128789,4563,KIA CARENS
,400.0,,DUBAI,UAE,4,2024,57871,2826,-1,-1.0,2100.0,4,2,00971561962872,AUTOBOTS RENT A CAR L.L.C.,2,5,6500.0,128790,44,MINI COOPER
,800.0,,DUBAI,UAE,4,2024,37795,2826,-1,-1.0,4900.0,4,2,00971561962872,AUTOBOTS RENT A CAR L.L.C.,2,5,15000.0,116721,7511,NISSAN PATROL
